pd_threshold,approved_accounts,approval_rate,default_rate_approved,estimated_total_value,value_per_approved
0.05,0,0.0,,0.0,
0.06,0,0.0,,0.0,
0.07,0,0.0,,0.0,
0.08,0,0.0,,0.0,
0.09,0,0.0,,0.0,
0.1,0,0.0,,0.0,
0.11,0,0.0,,0.0,
0.12,3,0.001878522229179712,0.0,229.8168,76.6056
0.13,6,0.003757044458359424,0.0,481.76640000000003,80.29440000000001
0.14,21,0.013149655604257984,0.09523809523809523,641.8815999999999,30.56579047619047
0.15,44,0.027551659361302442,0.06818181818181818,1871.9701999999995,42.54477727272726
0.16,73,0.045710707576706325,0.0547945205479452,4006.2606,54.88028219178082
0.17,124,0.07764558547276143,0.08870967741935484,3946.3417999999997,31.82533709677419
0.18,178,0.11145898559799625,0.10112359550561797,4424.418000000001,24.856280898876406
0.19,243,0.15216030056355667,0.09876543209876543,6840.260799999999,28.14922139917695
0.2,300,0.18785222291797118,0.09333333333333334,9675.6724,32.25224133333333
0.21,368,0.23043206011271133,0.09782608695652174,10660.780400000001,28.969511956521742
0.22,435,0.27238572323105825,0.09425287356321839,14595.297200000003,33.552407356321844
0.23,512,0.3206011271133375,0.095703125,16419.6834,32.069694140625
0.24,595,0.3725735754539762,0.10252100840336134,16339.014599999999,27.460528739495796
0.25,699,0.4376956793988729,0.1044349070100143,18313.2676,26.199238340486406
0.26,783,0.49029430181590483,0.10472541507024266,20814.288800000002,26.582744316730526
0.27,885,0.554164057608015,0.1016949152542373,25615.721599999997,28.944318192090392
0.28,966,0.6048841577958672,0.10662525879917184,24477.3558,25.338877639751555
0.29,1047,0.6556042579837195,0.11270296084049666,22588.681600000004,21.57467201528176
0.3,1126,0.7050720100187852,0.10923623445825932,27493.97600000001,24.417385435168747
0.31,1187,0.7432686286787727,0.11457455770850884,24298.540800000002,20.470548272957036
0.32,1253,0.7845961177207263,0.1189146049481245,20986.451200000003,16.748963447725462
0.33,1302,0.815278647463995,0.11597542242703533,24696.567999999992,18.96817818740399
0.34,1350,0.8453350031308704,0.11925925925925926,21712.907599999995,16.083635259259257
0.35,1388,0.8691296180338134,0.12175792507204611,20301.212799999998,14.626234005763687
0.36,1425,0.8922980588603632,0.12280701754385964,19500.590200000013,13.684624701754394
0.37,1460,0.9142141515341264,0.1232876712328767,19561.6218,13.398371095890411
0.38,1479,0.926111458985598,0.12643678160919541,15969.983800000002,10.797825422582827
0.39,1505,0.9423919849718222,0.1282392026578073,13999.924800000015,9.302275614617951
0.4,1528,0.9567939887288667,0.12892670157068062,13591.164400000001,8.894741099476441
0.41,1543,0.9661865998747652,0.12961762799740764,12659.035200000006,8.204170576798449
0.42,1556,0.9743268628678773,0.12982005141388175,12487.966199999995,8.025685218508995
0.43,1566,0.9805886036318097,0.13026819923371646,12120.819999999992,7.739987228607913
0.44,1570,0.9830932999373826,0.1305732484076433,11860.251200000006,7.554300127388539
0.45,1579,0.9887288666249218,0.13236225459151363,9574.940400000007,6.063926789107034
0.46,1582,0.9906073888541015,0.13211125158027812,9961.784399999997,6.296956005056888
0.47,1589,0.9949906073888541,0.13215859030837004,10038.54099999999,6.317521082441781
0.48,1593,0.9974953036944271,0.13245448838669177,9715.968999999997,6.099164469554299
0.49,1594,0.9981214777708203,0.1329987452948557,9042.366000000002,5.672751568381432
0.5,1597,1.0,0.13337507827175954,8681.641199999998,5.4362186599874756
0.51,1597,1.0,0.13337507827175954,8681.641199999998,5.4362186599874756
0.52,1597,1.0,0.13337507827175954,8681.641199999998,5.4362186599874756
0.53,1597,1.0,0.13337507827175954,8681.641199999998,5.4362186599874756
0.54,1597,1.0,0.13337507827175954,8681.641199999998,5.4362186599874756
0.55,1597,1.0,0.13337507827175954,8681.641199999998,5.4362186599874756
0.56,1597,1.0,0.13337507827175954,8681.641199999998,5.4362186599874756
0.57,1597,1.0,0.13337507827175954,8681.641199999998,5.4362186599874756
0.58,1597,1.0,0.13337507827175954,8681.641199999998,5.4362186599874756
0.59,1597,1.0,0.13337507827175954,8681.641199999998,5.4362186599874756
0.6,1597,1.0,0.13337507827175954,8681.641199999998,5.4362186599874756
0.61,1597,1.0,0.13337507827175954,8681.641199999998,5.4362186599874756
0.62,1597,1.0,0.13337507827175954,8681.641199999998,5.4362186599874756
0.63,1597,1.0,0.13337507827175954,8681.641199999998,5.4362186599874756
0.64,1597,1.0,0.13337507827175954,8681.641199999998,5.4362186599874756
0.65,1597,1.0,0.13337507827175954,8681.641199999998,5.4362186599874756
0.66,1597,1.0,0.13337507827175954,8681.641199999998,5.4362186599874756
0.67,1597,1.0,0.13337507827175954,8681.641199999998,5.4362186599874756
0.68,1597,1.0,0.13337507827175954,8681.641199999998,5.4362186599874756
0.69,1597,1.0,0.13337507827175954,8681.641199999998,5.4362186599874756
0.7,1597,1.0,0.13337507827175954,8681.641199999998,5.4362186599874756
